<?xml version="1.0" encoding="UTF-8"?>
<factura id="comprobante" version="1.0.0">
  <infoTributaria>
    <ambiente>1</ambiente>
    <tipoEmision>1</tipoEmision>
    <razonSocial>TIGRE CONDO CHRISTIAN ANDRES</razonSocial>
    <nombreComercial>StoreLine</nombreComercial>
    <ruc>0105118509001</ruc>
    <claveAcceso>2810201601010511850900110010010000003134295858516</claveAcceso>
    <codDoc>01</codDoc>
    <estab>001</estab>
    <ptoEmi>001</ptoEmi>
    <secuencial>000000313</secuencial>
    <dirMatriz>Remigio Crespo y Lorenzo Piedra</dirMatriz>
  </infoTributaria>
  <infoFactura>
    <fechaEmision>28/10/2016</fechaEmision>
    <dirEstablecimiento>3 de Noviembre y Cesar Cueva</dirEstablecimiento>
    <obligadoContabilidad>NO</obligadoContabilidad>
    <tipoIdentificacionComprador>04</tipoIdentificacionComprador>
    <razonSocialComprador>silvia patricia Velez zuñiga</razonSocialComprador>
    <identificacionComprador>0105118509001</identificacionComprador>
    <totalSinImpuestos>26.31</totalSinImpuestos>
    <totalDescuento>0.00</totalDescuento>
    <totalConImpuestos>
      <totalImpuesto>
        <codigo>2</codigo>
        <codigoPorcentaje>3</codigoPorcentaje>
        <baseImponible>26.31</baseImponible>
        <tarifa>14</tarifa>
        <valor>3.68</valor>
      </totalImpuesto>
    </totalConImpuestos>
    <propina>0.00</propina>
    <importeTotal>29.99</importeTotal>
    <moneda>DOLAR</moneda>
    <pagos>
      <pago>
        <formaPago>01</formaPago>
        <total>29.99</total>
      </pago>
    </pagos>
  </infoFactura>
  <detalles>
    <detalle>
      <codigoPrincipal>102345675312375</codigoPrincipal>
      <codigoAuxiliar>75</codigoAuxiliar>
      <descripcion>camiseta</descripcion>
      <cantidad>1</cantidad>
      <precioUnitario>26.31</precioUnitario>
      <descuento>0</descuento>
      <precioTotalSinImpuesto>26.31</precioTotalSinImpuesto>
      <impuestos>
        <impuesto>
          <codigo>2</codigo>
          <codigoPorcentaje>3</codigoPorcentaje>
          <tarifa>14</tarifa>
          <baseImponible>26.31</baseImponible>
          <valor>3.68</valor>
        </impuesto>
      </impuestos>
    </detalle>
  </detalles>
  <infoAdicional>
    <campoAdicional nombre="Direccion">Gualaceo y </campoAdicional>
    <campoAdicional nombre="Telefono"/>
    <campoAdicional nombre="Email">silvia-patricia25@hotmail.com</campoAdicional>
  </infoAdicional>
</factura>
