<?xml version="1.0" encoding="UTF-8"?>
<factura id="comprobante" version="1.0.0">
  <infoTributaria>
    <ambiente>1</ambiente>
    <tipoEmision>1</tipoEmision>
    <razonSocial>TIGRE CONDO CHRISTIAN ANDRES</razonSocial>
    <nombreComercial>StoreLine</nombreComercial>
    <ruc>0105118509001</ruc>
    <claveAcceso>0809201701010511850900110010010000000073862237616</claveAcceso>
    <codDoc>01</codDoc>
    <estab>001</estab>
    <ptoEmi>001</ptoEmi>
    <secuencial>000000007</secuencial>
    <dirMatriz>Remigio Crespo y Lorenzo Piedra</dirMatriz>
  </infoTributaria>
  <infoFactura>
    <fechaEmision>08/09/2017</fechaEmision>
    <dirEstablecimiento>3 de Noviembre y Cesar Cueva</dirEstablecimiento>
    <obligadoContabilidad>NO</obligadoContabilidad>
    <tipoIdentificacionComprador>04</tipoIdentificacionComprador>
    <razonSocialComprador>Christian Tigre C.</razonSocialComprador>
    <identificacionComprador>0105118509001</identificacionComprador>
    <totalSinImpuestos>78.92</totalSinImpuestos>
    <totalDescuento>0.00</totalDescuento>
    <totalConImpuestos>
      <totalImpuesto>
        <codigo>2</codigo>
        <codigoPorcentaje>3</codigoPorcentaje>
        <baseImponible>78.92</baseImponible>
        <tarifa>14</tarifa>
        <valor>11.05</valor>
      </totalImpuesto>
    </totalConImpuestos>
    <propina>0.00</propina>
    <importeTotal>89.97</importeTotal>
    <moneda>DOLAR</moneda>
    <pagos>
      <pago>
        <formaPago>01</formaPago>
        <total>89.97</total>
      </pago>
    </pagos>
  </infoFactura>
  <detalles>
    <detalle>
      <codigoPrincipal>56563545246387</codigoPrincipal>
      <codigoAuxiliar>97</codigoAuxiliar>
      <descripcion>Abrigos con estilo</descripcion>
      <cantidad>3</cantidad>
      <precioUnitario>26.31</precioUnitario>
      <descuento>0</descuento>
      <precioTotalSinImpuesto>78.92</precioTotalSinImpuesto>
      <impuestos>
        <impuesto>
          <codigo>2</codigo>
          <codigoPorcentaje>3</codigoPorcentaje>
          <tarifa>14</tarifa>
          <baseImponible>78.92</baseImponible>
          <valor>11.05</valor>
        </impuesto>
      </impuestos>
    </detalle>
  </detalles>
  <infoAdicional>
    <campoAdicional nombre="Direccion">3 de Noviembre y Cesar cueva</campoAdicional>
    <campoAdicional nombre="Telefono">2203584</campoAdicional>
    <campoAdicional nombre="Email">andrescondo17@gmail.com</campoAdicional>
  </infoAdicional>
</factura>
