<?xml version="1.0" encoding="UTF-8"?>
<factura id="comprobante" version="1.0.0">
  <infoTributaria>
    <ambiente>1</ambiente>
    <tipoEmision>1</tipoEmision>
    <razonSocial>TIGRE CONDO CHRISTIAN ANDRES</razonSocial>
    <nombreComercial>StoreLine</nombreComercial>
    <ruc>0105118509001</ruc>
    <claveAcceso>1310201601010511850900110010010000002538982721613</claveAcceso>
    <codDoc>01</codDoc>
    <estab>001</estab>
    <ptoEmi>001</ptoEmi>
    <secuencial>000000253</secuencial>
    <dirMatriz>Remigio Crespo y Lorenzo Piedra</dirMatriz>
  </infoTributaria>
  <infoFactura>
    <fechaEmision>13/10/2016</fechaEmision>
    <dirEstablecimiento>3 de Noviembre y Cesar Cueva</dirEstablecimiento>
    <obligadoContabilidad>NO</obligadoContabilidad>
    <tipoIdentificacionComprador>04</tipoIdentificacionComprador>
    <razonSocialComprador>Andres Condo</razonSocialComprador>
    <identificacionComprador>0105118509001</identificacionComprador>
    <totalSinImpuestos>94.71</totalSinImpuestos>
    <totalDescuento>0.00</totalDescuento>
    <totalConImpuestos>
      <totalImpuesto>
        <codigo>2</codigo>
        <codigoPorcentaje>3</codigoPorcentaje>
        <baseImponible>94.71</baseImponible>
        <tarifa>14</tarifa>
        <valor>13.26</valor>
      </totalImpuesto>
    </totalConImpuestos>
    <propina>0.00</propina>
    <importeTotal>107.97</importeTotal>
    <moneda>DOLAR</moneda>
    <pagos>
      <pago>
        <formaPago>01</formaPago>
        <total>107.97</total>
      </pago>
    </pagos>
  </infoFactura>
  <detalles>
    <detalle>
      <codigoPrincipal>333322223232323</codigoPrincipal>
      <codigoAuxiliar>98</codigoAuxiliar>
      <descripcion>Abrigos sin cuello</descripcion>
      <cantidad>3</cantidad>
      <precioUnitario>31.57</precioUnitario>
      <descuento>0</descuento>
      <precioTotalSinImpuesto>94.71</precioTotalSinImpuesto>
      <impuestos>
        <impuesto>
          <codigo>2</codigo>
          <codigoPorcentaje>3</codigoPorcentaje>
          <tarifa>14</tarifa>
          <baseImponible>94.71</baseImponible>
          <valor>13.26</valor>
        </impuesto>
      </impuestos>
    </detalle>
  </detalles>
  <infoAdicional>
    <campoAdicional nombre="Direccion">3  de noviembre y Cesar cueva</campoAdicional>
    <campoAdicional nombre="Telefono">2203584</campoAdicional>
    <campoAdicional nombre="Email">andrestigre69@gmail.com</campoAdicional>
  </infoAdicional>
</factura>
