<?xml version="1.0" encoding="UTF-8"?>
<factura id="comprobante" version="1.0.0">
  <infoTributaria>
    <ambiente>1</ambiente>
    <tipoEmision>1</tipoEmision>
    <razonSocial>TIGRE CONDO CHRISTIAN ANDRES</razonSocial>
    <nombreComercial>StoreLine</nombreComercial>
    <ruc>0105118509001</ruc>
    <claveAcceso>1710201601010511850900110010010000002586678584319</claveAcceso>
    <codDoc>01</codDoc>
    <estab>001</estab>
    <ptoEmi>001</ptoEmi>
    <secuencial>000000258</secuencial>
    <dirMatriz>Remigio Crespo y Lorenzo Piedra</dirMatriz>
  </infoTributaria>
  <infoFactura>
    <fechaEmision>16/10/2016</fechaEmision>
    <dirEstablecimiento>3 de Noviembre y Cesar Cueva</dirEstablecimiento>
    <obligadoContabilidad>NO</obligadoContabilidad>
    <tipoIdentificacionComprador>04</tipoIdentificacionComprador>
    <razonSocialComprador>Andres Condo</razonSocialComprador>
    <identificacionComprador>0105118509001</identificacionComprador>
    <totalSinImpuestos>33.33</totalSinImpuestos>
    <totalDescuento>0.00</totalDescuento>
    <totalConImpuestos>
      <totalImpuesto>
        <codigo>2</codigo>
        <codigoPorcentaje>3</codigoPorcentaje>
        <baseImponible>33.33</baseImponible>
        <tarifa>14</tarifa>
        <valor>4.67</valor>
      </totalImpuesto>
    </totalConImpuestos>
    <propina>0.00</propina>
    <importeTotal>38</importeTotal>
    <moneda>DOLAR</moneda>
    <pagos>
      <pago>
        <formaPago>01</formaPago>
        <total>38.00</total>
      </pago>
    </pagos>
  </infoFactura>
  <detalles>
    <detalle>
      <codigoPrincipal>0090909899</codigoPrincipal>
      <codigoAuxiliar>10</codigoAuxiliar>
      <descripcion>Camisa elagante para ocasiones especiales</descripcion>
      <cantidad>4</cantidad>
      <precioUnitario>8.33</precioUnitario>
      <descuento>0</descuento>
      <precioTotalSinImpuesto>33.33</precioTotalSinImpuesto>
      <impuestos>
        <impuesto>
          <codigo>2</codigo>
          <codigoPorcentaje>3</codigoPorcentaje>
          <tarifa>14</tarifa>
          <baseImponible>33.33</baseImponible>
          <valor>4.67</valor>
        </impuesto>
      </impuestos>
    </detalle>
  </detalles>
  <infoAdicional>
    <campoAdicional nombre="Direccion">3  de noviembre y Cesar cueva</campoAdicional>
    <campoAdicional nombre="Telefono">2203584</campoAdicional>
    <campoAdicional nombre="Email">andrestigre69@gmail.com</campoAdicional>
  </infoAdicional>
</factura>
