<?xml version="1.0" encoding="UTF-8"?>
<factura id="comprobante" version="1.0.0">
  <infoTributaria>
    <ambiente>1</ambiente>
    <tipoEmision>1</tipoEmision>
    <razonSocial>TIGRE CONDO CHRISTIAN ANDRES</razonSocial>
    <nombreComercial>StoreLine</nombreComercial>
    <ruc>0105118509001</ruc>
    <claveAcceso>0610201601010511850900110010010000002229598539414</claveAcceso>
    <codDoc>01</codDoc>
    <estab>001</estab>
    <ptoEmi>001</ptoEmi>
    <secuencial>000000222</secuencial>
    <dirMatriz>Remigio Crespo y Lorenzo Piedra</dirMatriz>
  </infoTributaria>
  <infoFactura>
    <fechaEmision>06/10/2016</fechaEmision>
    <dirEstablecimiento>3 de Noviembre y Cesar Cueva</dirEstablecimiento>
    <obligadoContabilidad>NO</obligadoContabilidad>
    <tipoIdentificacionComprador>04</tipoIdentificacionComprador>
    <razonSocialComprador>Christian Tigre C.</razonSocialComprador>
    <identificacionComprador>0105118509001</identificacionComprador>
    <totalSinImpuestos>192.98</totalSinImpuestos>
    <totalDescuento>0.00</totalDescuento>
    <totalConImpuestos>
      <totalImpuesto>
        <codigo>2</codigo>
        <codigoPorcentaje>3</codigoPorcentaje>
        <baseImponible>192.98</baseImponible>
        <tarifa>14</tarifa>
        <valor>27.02</valor>
      </totalImpuesto>
    </totalConImpuestos>
    <propina>0.00</propina>
    <importeTotal>220</importeTotal>
    <moneda>DOLAR</moneda>
    <pagos>
      <pago>
        <formaPago>01</formaPago>
        <total>220.00</total>
      </pago>
    </pagos>
  </infoFactura>
  <detalles>
    <detalle>
      <codigoPrincipal>998888998899898</codigoPrincipal>
      <codigoAuxiliar>95</codigoAuxiliar>
      <descripcion>Zapatos sneakers</descripcion>
      <cantidad>4</cantidad>
      <precioUnitario>48.25</precioUnitario>
      <descuento>0</descuento>
      <precioTotalSinImpuesto>192.98</precioTotalSinImpuesto>
      <impuestos>
        <impuesto>
          <codigo>2</codigo>
          <codigoPorcentaje>3</codigoPorcentaje>
          <tarifa>14</tarifa>
          <baseImponible>192.98</baseImponible>
          <valor>27.02</valor>
        </impuesto>
      </impuestos>
    </detalle>
  </detalles>
  <infoAdicional>
    <campoAdicional nombre="Direccion">3 de Noviembre y Cesar cueva</campoAdicional>
    <campoAdicional nombre="Telefono">2203584</campoAdicional>
    <campoAdicional nombre="Email">andrescondo17@gmail.com</campoAdicional>
  </infoAdicional>
</factura>
